{
    "C_0aaa843df0bd467b96e5a496fc0b033d_1_q#0*7588632@2": -0.970850944519043,
    "C_0aaa843df0bd467b96e5a496fc0b033d_1_q#0*C_dc1322eff60a4a36971896db9eccb90c_1@0": -3.1778160482645035,
    "C_0aaa843df0bd467b96e5a496fc0b033d_1_q#0*10617746@2": 3.6022472381591797,
    "C_0aaa843df0bd467b96e5a496fc0b033d_1_q#0*4667@11": -0.06346702575683594,
    "C_0aaa843df0bd467b96e5a496fc0b033d_1_q#0*16901482@0": -1.2749052047729492,
    "C_0aaa843df0bd467b96e5a496fc0b033d_1_q#1*7588632@2": 0.40941429138183594,
    "C_0aaa843df0bd467b96e5a496fc0b033d_1_q#1*C_dc1322eff60a4a36971896db9eccb90c_1@0": 1.7199444770812988,
    "C_0aaa843df0bd467b96e5a496fc0b033d_1_q#1*10617746@2": 5.114985942840576,
    "C_0aaa843df0bd467b96e5a496fc0b033d_1_q#1*16901482@0": -1.35321044921875,
    "C_0aaa843df0bd467b96e5a496fc0b033d_1_q#1*7588632@6": 0.06074237823486328,
    "C_0aaa843df0bd467b96e5a496fc0b033d_1_q#2*7588632@2": 0.26691246032714844,
    "C_0aaa843df0bd467b96e5a496fc0b033d_1_q#2*C_dc1322eff60a4a36971896db9eccb90c_1@0": 3.2798455646261573,
    "C_0aaa843df0bd467b96e5a496fc0b033d_1_q#2*10617746@2": 2.7178773880004883,
    "C_0aaa843df0bd467b96e5a496fc0b033d_1_q#2*58548772@1": 3.702140547335148,
    "C_0aaa843df0bd467b96e5a496fc0b033d_1_q#2*7588632@6": 0.14644908905029297,
    "C_0aaa843df0bd467b96e5a496fc0b033d_1_q#3*7588632@2": -0.05644798278808594,
    "C_0aaa843df0bd467b96e5a496fc0b033d_1_q#3*C_dc1322eff60a4a36971896db9eccb90c_1@0": -0.19102096557617188,
    "C_0aaa843df0bd467b96e5a496fc0b033d_1_q#3*10617746@2": 1.4698667526245117,
    "C_0aaa843df0bd467b96e5a496fc0b033d_1_q#3*4667@11": 0.8815469741821289,
    "C_0aaa843df0bd467b96e5a496fc0b033d_1_q#3*58548772@1": -0.946685791015625,
    "C_0aaa843df0bd467b96e5a496fc0b033d_1_q#4*7588632@2": 0.3913421630859375,
    "C_0aaa843df0bd467b96e5a496fc0b033d_1_q#4*C_dc1322eff60a4a36971896db9eccb90c_1@0": 4.959942102432251,
    "C_0aaa843df0bd467b96e5a496fc0b033d_1_q#4*10617746@2": 1.9777345657348633,
    "C_0aaa843df0bd467b96e5a496fc0b033d_1_q#4*4667@11": 1.3043212890625,
    "C_0aaa843df0bd467b96e5a496fc0b033d_1_q#4*58548772@1": 1.8833231339231133,
    "C_0aaa843df0bd467b96e5a496fc0b033d_1_q#5*7588632@2": -0.5149288177490234,
    "C_0aaa843df0bd467b96e5a496fc0b033d_1_q#5*C_dc1322eff60a4a36971896db9eccb90c_1@0": -6.272648841142654,
    "C_0aaa843df0bd467b96e5a496fc0b033d_1_q#5*10617746@2": 0.2520895004272461,
    "C_0aaa843df0bd467b96e5a496fc0b033d_1_q#5*4667@11": -0.46211910247802734,
    "C_0aaa843df0bd467b96e5a496fc0b033d_1_q#5*58548772@1": -4.605428755283356,
    "C_0aaa843df0bd467b96e5a496fc0b033d_1_q#6*7588632@2": 0.18527603149414062,
    "C_0aaa843df0bd467b96e5a496fc0b033d_1_q#6*C_dc1322eff60a4a36971896db9eccb90c_1@0": 0.2623410224914551,
    "C_0aaa843df0bd467b96e5a496fc0b033d_1_q#6*10617746@2": 2.2214393615722656,
    "C_0aaa843df0bd467b96e5a496fc0b033d_1_q#6*58548772@1": 2.12841759622097,
    "C_0aaa843df0bd467b96e5a496fc0b033d_1_q#6*7588632@6": -0.054630279541015625,
    "C_0aaa843df0bd467b96e5a496fc0b033d_1_q#7*7588632@2": 0.8851432800292969,
    "C_0aaa843df0bd467b96e5a496fc0b033d_1_q#7*C_dc1322eff60a4a36971896db9eccb90c_1@0": 0.6417617797851562,
    "C_0aaa843df0bd467b96e5a496fc0b033d_1_q#7*10617746@2": 1.6333246231079102,
    "C_0aaa843df0bd467b96e5a496fc0b033d_1_q#7*58548772@1": 2.656566321849823,
    "C_0aaa843df0bd467b96e5a496fc0b033d_1_q#7*7588632@6": 0.202880859375,
    "C_95a02857a40c472c9e6d8cb7b304fd2b_1_q#0*C_95a02857a40c472c9e6d8cb7b304fd2b_1@1": -10.267046689987183,
    "C_95a02857a40c472c9e6d8cb7b304fd2b_1_q#0*2340439@1": -0.27097511291503906,
    "C_95a02857a40c472c9e6d8cb7b304fd2b_1_q#0*C_95a02857a40c472c9e6d8cb7b304fd2b_1@0": -5.879214286804199,
    "C_95a02857a40c472c9e6d8cb7b304fd2b_1_q#0*5816272@1": 0.04909038543701172,
    "C_95a02857a40c472c9e6d8cb7b304fd2b_1_q#0*46838388@1": 1.4218053817749023,
    "C_95a02857a40c472c9e6d8cb7b304fd2b_1_q#1*C_95a02857a40c472c9e6d8cb7b304fd2b_0@1": -7.915533661842346,
    "C_95a02857a40c472c9e6d8cb7b304fd2b_1_q#1*C_95a02857a40c472c9e6d8cb7b304fd2b_1@1": -7.180489465594292,
    "C_95a02857a40c472c9e6d8cb7b304fd2b_1_q#1*C_95a02857a40c472c9e6d8cb7b304fd2b_1@0": -8.251970291137695,
    "C_95a02857a40c472c9e6d8cb7b304fd2b_1_q#1*2340439@1": 8.764119267463684,
    "C_95a02857a40c472c9e6d8cb7b304fd2b_1_q#1*C_ccb16be9d3d244119510ceb23600344e_1@3": 4.411433233879507,
    "C_95a02857a40c472c9e6d8cb7b304fd2b_1_q#2*C_95a02857a40c472c9e6d8cb7b304fd2b_1@1": -3.417442426085472,
    "C_95a02857a40c472c9e6d8cb7b304fd2b_1_q#2*C_95a02857a40c472c9e6d8cb7b304fd2b_0@1": -11.156464785337448,
    "C_95a02857a40c472c9e6d8cb7b304fd2b_1_q#2*2340439@1": 7.501587986946106,
    "C_95a02857a40c472c9e6d8cb7b304fd2b_1_q#2*8938591@2": 0.4851837158203125,
    "C_95a02857a40c472c9e6d8cb7b304fd2b_1_q#2*C_95a02857a40c472c9e6d8cb7b304fd2b_1@0": 0.1975727081298828,
    "C_95a02857a40c472c9e6d8cb7b304fd2b_1_q#3*C_95a02857a40c472c9e6d8cb7b304fd2b_1@1": -10.934958457946777,
    "C_95a02857a40c472c9e6d8cb7b304fd2b_1_q#3*2340439@1": 4.7111241817474365,
    "C_95a02857a40c472c9e6d8cb7b304fd2b_1_q#3*C_95a02857a40c472c9e6d8cb7b304fd2b_1@0": -6.017706871032715,
    "C_95a02857a40c472c9e6d8cb7b304fd2b_1_q#3*C_95a02857a40c472c9e6d8cb7b304fd2b_0@1": -2.4247922897338867,
    "C_95a02857a40c472c9e6d8cb7b304fd2b_1_q#3*8938591@2": 0.6047801971435547,
    "C_95a02857a40c472c9e6d8cb7b304fd2b_1_q#4*C_95a02857a40c472c9e6d8cb7b304fd2b_1@1": -6.132467210292816,
    "C_95a02857a40c472c9e6d8cb7b304fd2b_1_q#4*C_95a02857a40c472c9e6d8cb7b304fd2b_0@1": -5.19411039352417,
    "C_95a02857a40c472c9e6d8cb7b304fd2b_1_q#4*2340439@1": -0.16399908065795898,
    "C_95a02857a40c472c9e6d8cb7b304fd2b_1_q#4*C_95a02857a40c472c9e6d8cb7b304fd2b_1@0": -4.471543788909912,
    "C_95a02857a40c472c9e6d8cb7b304fd2b_1_q#4*8938591@2": 0.664372444152832,
    "C_95a02857a40c472c9e6d8cb7b304fd2b_1_q#5*C_95a02857a40c472c9e6d8cb7b304fd2b_0@1": -4.410460710525513,
    "C_95a02857a40c472c9e6d8cb7b304fd2b_1_q#5*2340439@1": 6.331662178039551,
    "C_95a02857a40c472c9e6d8cb7b304fd2b_1_q#5*C_95a02857a40c472c9e6d8cb7b304fd2b_1@1": -4.900464102625847,
    "C_95a02857a40c472c9e6d8cb7b304fd2b_1_q#5*2340341@1": 3.9835362434387207,
    "C_95a02857a40c472c9e6d8cb7b304fd2b_1_q#5*C_95a02857a40c472c9e6d8cb7b304fd2b_1@0": -0.17148685455322266,
    "C_95a02857a40c472c9e6d8cb7b304fd2b_1_q#6*C_95a02857a40c472c9e6d8cb7b304fd2b_0@1": -5.359046459197998,
    "C_95a02857a40c472c9e6d8cb7b304fd2b_1_q#6*C_95a02857a40c472c9e6d8cb7b304fd2b_1@1": -9.306147336959839,
    "C_95a02857a40c472c9e6d8cb7b304fd2b_1_q#6*2340439@1": 4.8048996925354,
    "C_95a02857a40c472c9e6d8cb7b304fd2b_1_q#6*C_95a02857a40c472c9e6d8cb7b304fd2b_1@0": 0.4572625160217285,
    "C_95a02857a40c472c9e6d8cb7b304fd2b_1_q#6*2340341@1": 6.692226409912109,
    "C_95a02857a40c472c9e6d8cb7b304fd2b_0_q#0*46838388@1": 1.094508171081543,
    "C_95a02857a40c472c9e6d8cb7b304fd2b_0_q#0*363279@9": -0.1835184097290039,
    "C_95a02857a40c472c9e6d8cb7b304fd2b_0_q#0*5308587@2": -6.131399154663086,
    "C_95a02857a40c472c9e6d8cb7b304fd2b_0_q#0*1058454@2": -10.812798976898193,
    "C_95a02857a40c472c9e6d8cb7b304fd2b_0_q#0*363279@8": -0.1950836181640625,
    "C_95a02857a40c472c9e6d8cb7b304fd2b_0_q#1*46838388@1": -0.07113361358642578,
    "C_95a02857a40c472c9e6d8cb7b304fd2b_0_q#1*363279@9": 0.061400413513183594,
    "C_95a02857a40c472c9e6d8cb7b304fd2b_0_q#1*1058454@2": -9.634965181350708,
    "C_95a02857a40c472c9e6d8cb7b304fd2b_0_q#1*5308587@2": -5.185818433761597,
    "C_95a02857a40c472c9e6d8cb7b304fd2b_0_q#1*363279@8": -0.13882827758789062,
    "C_95a02857a40c472c9e6d8cb7b304fd2b_0_q#2*5308587@2": -10.920840442180634,
    "C_95a02857a40c472c9e6d8cb7b304fd2b_0_q#2*363279@9": 0.33014869689941406,
    "C_95a02857a40c472c9e6d8cb7b304fd2b_0_q#2*46838388@1": 5.2014288902282715,
    "C_95a02857a40c472c9e6d8cb7b304fd2b_0_q#2*363279@8": 0.0810689926147461,
    "C_95a02857a40c472c9e6d8cb7b304fd2b_0_q#2*363279@10": 0.2988147735595703,
    "C_95a02857a40c472c9e6d8cb7b304fd2b_0_q#3*363279@9": 0.34978580474853516,